FILE_NAME,HASH_TOTAL
inbound856v4010CockpitRS.ruleset,5e3b58a699ea9e7b5b4552f6db84490de4041807
inbound856v5010CockpitRS.ruleset,9483d33105e7f4d2fafe805a5b55cca6618eb42b
outbound856v4010CockpitRS.ruleset,9781768e6399ea2a65bf565cdc425832bec167ba
outbound856v4030CockpitRS.ruleset,61f0dc2d63f5b695d2af66cd7f3d0ce6055c58a3
outbound856v5010CockpitRS.ruleset,43b216b48e362df97a656cd3fd3d45d69246b7ba
inbound810v4010CockpitRS.ruleset,806294f37386c17d28a412e9b3aa3f26bc340257
inbound810v5010CockpitRS.ruleset,4af52d62a9e4c3eec472fc1c244ca392c10d271a
outbound810v4010CockpitRS.ruleset,5ce8d7e9b25b5d998e26c9e76df53bf1fc0bad95
outbound810v4030CockpitRS.ruleset,6c59a268d91360d1ad5343db3283efa52d5ed01f
outbound810v5010CockpitRS.ruleset,b50ef7aa36da91f221e6fb570e3253bad75fef58
inbound855v4010CockpitRS.ruleset,c4a5760f39cc32dc962392286964895e8e944175
inbound855v5010CockpitRS.ruleset,60f8a188a72fef496756636365c30ecacb1814f0
outbound855v4010CockpitRS.ruleset,ce1711c192932e1ed9f61fc2639f262d763a5f3c
outbound855v4030CockpitRS.ruleset,3aa7785e722a7985b9ffb82f2a4872e694078dc4
outbound855v5010CockpitRS.ruleset,d279510ff9637ba0302972faa7d7d192a6dc40f1
inbound850v3050CockpitRS.ruleset,95301f92115ed917fb7d26a7b0b1024088054174
inbound850v4010CockpitRS.ruleset,bb383cc17b7e2172505fec1c2575e1cc7bcdcbb5
inbound850v4030CockpitRS.ruleset,b4a5e83679c877685b65afd20a12966d85d86322
inbound850v4040CockpitRS.ruleset,f937728f3ad81013adbfac80e37a0c9c75bb2559
inbound850v4060CockpitRS.ruleset,a087b583a0163c9910672552e0edc1b78854a4b8
inbound850v5010CockpitRS.ruleset,2aa390f231474db8cd395b80933f551c1ea3ca7f
inbound850v5030CockpitRS.ruleset,6805bb189a36ad384a2fcbc16a14a99dfef4f85e
outbound850v4010CockpitRS.ruleset,6d1983a9ff23ead8959875d03d7cace401ecc939
outbound850v4030CockpitRS.ruleset,0da17b3a1309c291466ff8d74aaab87e551fb068
outbound850v5010CockpitRS.ruleset,1b8dc8784121332f5a6c57a568ee50122350ce20
inboundErrorCockpitRS.ruleset,033e3f229fab3c95e8ff31f300f1136c740da27d
outboundErrorCockpitRS.ruleset,1dcfb45d8354416eeb9558b97be818ae95ed4c2a
